Brand,Model,Year,Power (hp),Gearbox
aeon,cobra 50,2012,3.0,Automatic
aeon,crossland x4 400,2012,20.1,Automatic
aeon,urban 350i,2012,22.8,Automatic
ajp,pr4 125 enduro,2010,12.5,5-speed
ajp,pr7 adventure 650,2018,48.0,6-speed
ajp,pr7 adventure 650,2019,48.0,6-speed
ajp,pr7 adventure 650,2020,48.0,6-speed
ajs,highway star 125,2020,11.3,5-speed
aprilia,atlantic 250,2005,22.8,Automatic
aprilia,dorsoduro 1200,2015,130.0,6-speed
aprilia,dorsoduro 750,2011,90.3,6-speed
aprilia,dorsoduro 750,2012,90.3,6-speed
aprilia,dorsoduro 750,2013,90.3,6-speed
aprilia,dorsoduro 750 abs,2011,90.3,6-speed
aprilia,dorsoduro 750 abs,2012,90.3,6-speed
aprilia,dorsoduro 750 abs,2013,90.3,6-speed
aprilia,dorsoduro 750 abs,2014,90.3,6-speed
aprilia,dorsoduro 750 abs,2015,92.0,6-speed
aprilia,dorsoduro 750 abs,2016,92.0,6-speed
aprilia,dorsoduro 750 abs,2017,92.0,6-speed
aprilia,dorsoduro 750 factory,2010,90.3,6-speed
aprilia,dorsoduro 750 factory,2011,90.3,6-speed
aprilia,dorsoduro 750 factory,2012,90.3,6-speed
aprilia,dorsoduro 750 factory abs,2012,90.3,6-speed
aprilia,dorsoduro 900,2017,95.2,6-speed
aprilia,dorsoduro 900,2018,95.2,6-speed
aprilia,dorsoduro 900,2019,95.2,6-speed
aprilia,mana 850,2009,75.1,Automatic
aprilia,mana 850 abs,2009,75.1,Automatic
aprilia,mana 850 abs,2012,75.1,Automatic
aprilia,mana 850 gt,2016,76.1,Automatic
aprilia,mana 850 gt abs,2010,75.1,Automatic
aprilia,mana 850 gt abs,2013,75.1,Automatic
aprilia,mana 850 gt abs,2014,75.1,Automatic
aprilia,mana 850 gt abs,2015,75.1,Automatic
aprilia,rs 125 gp replica,2021,15.0,6-speed
aprilia,rs 660,2021,100.0,6-speed
aprilia,rst 1000 futura,2004,114.0,6-speed
aprilia,rsv mille 1000 r,2004,138.0,6-speed
aprilia,rsv mille 1000 r factory,2004,141.0,6-speed
aprilia,rsv mille 1000 r nera,2004,141.0,6-speed
aprilia,rsv4,2021,217.0,6-speed
aprilia,rsv4 1100 factory,2021,217.0,6-speed
aprilia,rsv4 factory,2012,180.0,6-speed
aprilia,rsv4 r abs,2015,184.0,6-speed
aprilia,rsv4 r aprc,2013,180.0,6-speed
aprilia,rsv4 r aprc abs,2014,184.0,6-speed
aprilia,rsv4 rf,2016,201.0,6-speed
aprilia,rsv4 rf,2017,201.0,6-speed
aprilia,rsv4 rf,2018,201.0,6-speed
aprilia,rsv4 rf,2020,201.0,6-speed
aprilia,rsv4 rr,2016,201.0,6-speed
aprilia,rsv4 rr,2017,201.0,6-speed
aprilia,rsv4 rr,2018,201.0,6-speed
aprilia,rsv4 rr,2019,201.0,6-speed
aprilia,scarabeo 200ie,2013,19.0,Automatic
aprilia,scarabeo 200ie,2015,19.0,Automatic
aprilia,scarabeo 500ie,2013,39.0,Automatic
aprilia,shiver 750 abs,2014,95.0,6-speed
aprilia,shiver 750 abs,2015,95.0,6-speed
aprilia,shiver 750 abs,2016,95.0,6-speed
aprilia,shiver 750 abs,2017,95.0,6-speed
aprilia,shiver 900,2017,95.2,6-speed
aprilia,shiver 900,2018,95.2,6-speed
aprilia,shiver 900,2019,93.0,6-speed
aprilia,shiver 900,2021,95.0,6-speed
aprilia,srv 850,2018,76.0,Automatic
aprilia,srv 850,2020,76.0,Automatic
aprilia,srv 850 abs-atc,2020,76.0,Automatic
aprilia,tuono 1000 r,2004,138.0,6-speed
aprilia,tuono 1000 r factory,2004,130.0,6-speed
aprilia,tuono 1000 r factory,2005,138.0,6-speed
aprilia,tuono r,2009,136.0,6-speed
aprilia,tuono v4 1100 factory,2015,173.0,6-speed
aprilia,tuono v4 1100 factory,2016,175.0,6-speed
aprilia,tuono v4 1100 factory,2017,175.0,6-speed
aprilia,tuono v4 1100 factory,2018,175.0,6-speed
aprilia,tuono v4 1100 factory,2019,201.0,6-speed
aprilia,tuono v4 1100 factory,2020,175.0,6-speed
aprilia,tuono v4 1100 factory,2021,175.0,6-speed
aprilia,tuono v4 1100 rr,2015,173.0,6-speed
aprilia,tuono v4 1100 rr,2016,175.0,6-speed
aprilia,tuono v4 1100 rr,2017,175.0,6-speed
aprilia,tuono v4 1100 rr,2018,175.0,6-speed
aprilia,tuono v4 1100 rr,2020,173.0,6-speed
aprilia,tuono v4 r,2012,162.0,6-speed
aprilia,tuono v4 r,2013,165.0,6-speed
aprilia,tuono v4 r abs,2015,170.0,6-speed
aprilia,tuono v4 r aprc,2012,167.0,6-speed
aprilia,tuono v4 r aprc,2013,167.0,6-speed
aprilia,tuono v4 r aprc,2014,167.0,6-speed
aprilia,tuono v4r,2011,162.0,6-speed
bajaj,pulsar 200 ns,2012,23.5,6-speed
benelli,502 c,2019,47.6,6-speed
benelli,502 c,2020,47.6,6-speed
benelli,bn 251,2017,25.0,6-speed
benelli,bn 302,2014,37.0,6-speed
benelli,bn 302,2015,37.0,6-speed
benelli,bn 302,2016,38.0,6-speed
benelli,bn 302,2017,38.0,6-speed
benelli,bn 302,2018,38.0,6-speed
benelli,bn 302 r,2017,35.4,6-speed
benelli,bn 600 gt,2016,84.0,6-speed
benelli,bn 600 gt,2017,81.6,6-speed
benelli,bn 600 i,2016,82.0,6-speed
benelli,bn 600 r,2014,82.0,6-speed
benelli,bn 600 r,2015,82.0,6-speed
benelli,cafe racer 1130,2010,135.0,6-speed
benelli,century racer 1130,2011,135.0,6-speed
benelli,leoncino,2017,47.6,6-speed
benelli,leoncino,2018,47.6,6-speed
benelli,leoncino 500,2017,47.6,6-speed
benelli,leoncino 500,2020,47.6,6-speed
benelli,leoncino trail 500,2017,47.6,6-speed
benelli,tnt 1130 cafe racer,2011,135.0,6-speed
benelli,tnt 1130 r,2016,157.0,6-speed
benelli,tnt 1130 r,2017,158.0,6-speed
benelli,tnt 1130 sport,2011,135.0,6-speed
benelli,tnt 1130 titanium,2011,140.0,6-speed
benelli,tnt 135,2017,13.0,6-speed
benelli,tnt 135,2018,13.0,6-speed
benelli,tnt 135,2020,11.3,5-speed
benelli,tnt 25,2017,24.5,6-speed
benelli,tnt 300,2017,38.0,6-speed
benelli,tnt 300,2020,32.0,6-speed
benelli,tnt 600,2017,80.5,6-speed
benelli,tnt 600 gt,2017,85.0,6-speed
benelli,tnt 899,2012,129.0,6-speed
benelli,tnt 899,2014,120.0,6-speed
benelli,tnt 899s,2011,118.0,6-speed
benelli,tnt 899t,2011,118.0,6-speed
benelli,tnt r160,2011,155.0,6-speed
benelli,tornado naked tre 1130 sport evo,2010,135.0,6-speed
benelli,tornado tnt 125,2017,11.1,6-speed
benelli,tornado tre 1130,2010,160.0,6-speed
benelli,tornado tre 1130,2011,160.0,6-speed
benelli,tornado tre 900 le,2004,140.0,6-speed
benelli,tornado tre 903,2011,140.0,6-speed
benelli,tre 1130 k,2017,125.0,6-speed
benelli,tre k 1130,2015,125.0,6-speed
benelli,tre k 1130 amazonas,2015,125.0,6-speed
benelli,tre-k 1130k amazonas,2011,123.0,6-speed
benelli,tre-k 1130k amazonas,2015,125.0,6-speed
benelli,tre-k 899,2011,106.0,6-speed
benelli,trk 125,2019,12.6,5-speed
benelli,trk 251,2018,28.5,6-speed
benelli,trk 251,2019,24.5,6-speed
benelli,trk 502,2017,47.6,6-speed
benelli,trk 502,2018,47.6,6-speed
benelli,trk 502,2019,47.6,6-speed
benelli,trk 502,2020,47.6,6-speed
benelli,trk 502 x,2018,47.6,6-speed
benelli,trk 502 x,2021,47.6,6-speed
bimota,db5r 1100,2012,98.0,6-speed
bimota,db5s,2008,95.0,6-speed
bimota,db6 delirio e,2012,98.0,6-speed
bimota,db7,2009,95.0,6-speed
bimota,db7,2011,160.0,6-speed
bimota,db7 oronero,2012,160.0,6-speed
bimota,db8,2012,170.0,6-speed
bimota,db9 brivido,2012,162.0,6-speed
bimota,db9 brivido,2013,162.0,6-speed
bimota,dbx  1100,2016,98.0,6-speed
bmw,c 400 x,2019,34.0,Automatic
bmw,c 600 sport,2015,60.0,Automatic
bmw,c 650 gt,2015,60.0,Automatic
bmw,c 650 gt,2016,60.0,Automatic
bmw,c 650 gt,2017,60.0,Automatic
bmw,c 650 gt,2018,60.0,Automatic
bmw,c 650 gt,2020,60.0,Automatic
bmw,c 650 sport,2016,60.0,Automatic
bmw,c 650 sport,2018,60.0,Automatic
bmw,c 650 sport,2019,60.0,Automatic
bmw,c 650 sport,2020,60.0,Automatic
bmw,c 650 sport highline,2018,60.0,Automatic
bmw,f 650 gs,2009,69.7,6-speed
bmw,f 650 gs,2011,69.7,6-speed
bmw,f 650 gs,2012,48.0,6-speed
bmw,f 650 gs se,2012,48.0,6-speed
bmw,f 700 gs,2013,73.8,6-speed
bmw,f 700 gs,2014,75.0,6-speed
bmw,f 700 gs,2015,75.0,6-speed
bmw,f 700 gs,2016,75.0,6-speed
bmw,f 700 gs,2017,75.0,6-speed
bmw,f 800 gs,2009,84.5,6-speed
bmw,f 800 gs,2010,84.5,6-speed
bmw,f 800 gs,2012,48.0,6-speed
bmw,f 800 gs,2013,84.5,6-speed
bmw,f 800 gs,2014,84.5,6-speed
bmw,f 800 gs,2015,85.0,6-speed
bmw,f 800 gs,2016,85.0,6-speed
bmw,f 800 gs,2017,85.0,6-speed
bmw,f 800 gs adventure,2015,85.0,6-speed
bmw,f 800 gs adventure,2016,85.0,6-speed
bmw,f 800 gs adventure,2017,85.0,6-speed
bmw,f 800 gs adventure te,2018,85.0,6-speed
bmw,f 800 gs adventure travel,2014,85.0,6-speed
bmw,f 800 gs triple black,2012,48.0,6-speed
bmw,f 800 gs trophy,2012,48.0,6-speed
bmw,f 800 gt,2017,90.0,6-speed
bmw,f 800 gt,2018,90.0,6-speed
bmw,f 800 gt,2019,90.0,6-speed
bmw,f 800 r,2009,87.0,6-speed
bmw,f 800 r,2011,85.8,6-speed
bmw,f 800 r,2012,85.8,6-speed
bmw,f 800 r,2013,87.0,6-speed
bmw,f 800 r,2014,87.0,6-speed
bmw,f 800 r,2015,90.0,6-speed
bmw,f 800 r,2016,90.0,6-speed
bmw,f 800 s,2009,83.8,6-speed
bmw,f 800 s,2010,83.8,6-speed
bmw,f 800 st,2009,83.8,6-speed
bmw,f 800 st,2011,83.8,6-speed
bmw,f 800 st,2012,83.8,6-speed
bmw,f 800 st touring,2012,83.8,6-speed
bmw,f 850 gs,2021,90.0,6-speed
bmw,g 310 gs,2021,33.5,6-speed
bmw,g 650 gs,2012,48.0,5-speed
bmw,g 650 gs,2013,50.0,5-speed
bmw,g 650 gs,2014,48.0,5-speed
bmw,g 650 gs,2015,48.0,5-speed
bmw,g 650 gs,2016,50.0,5-speed
bmw,g 650 gs sertao,2012,48.0,5-speed
bmw,g 650 gs sertao,2013,50.0,5-speed
bmw,g 650 gs sertao,2015,50.0,5-speed
bmw,g 650 xcountry,2009,52.3,5-speed
bmw,g 650 xcountry,2010,53.0,5-speed
bmw,g 650 xmoto,2009,52.3,5-speed
bmw,hp2 megamoto,2011,111.0,6-speed
bmw,hp2 sport,2010,131.0,6-speed
bmw,hp2 sport,2011,131.0,6-speed
bmw,hp2 sport,2012,131.0,6-speed
bmw,hp4,2013,193.0,6-speed
bmw,hp4,2016,193.0,6-speed
bmw,hp4 carbon,2014,193.0,6-speed
bmw,hp4 carbon,2015,190.0,6-speed
bmw,k 100 rt,1985,90.0,5-speed
bmw,k 1200 lt,2009,116.0,5-speed
bmw,k 1200 lt,2010,116.0,5-speed
bmw,k 1200 lt,2011,116.0,5-speed
bmw,k 1300 gt,2009,160.0,6-speed
bmw,k 1300 gt,2011,158.0,6-speed
bmw,k 1300 r,2009,173.0,6-speed
bmw,k 1300 r,2010,170.0,6-speed
bmw,k 1300 r,2011,170.0,6-speed
bmw,k 1300 r,2012,170.0,6-speed
bmw,k 1300 r,2013,175.0,6-speed
bmw,k 1300 r,2014,175.0,6-speed
bmw,k 1300 r carbon,2012,170.0,6-speed
bmw,k 1300 r dynamic,2012,170.0,6-speed
bmw,k 1300 s,2011,173.0,6-speed
bmw,k 1300 s,2012,173.0,6-speed
bmw,k 1300 s,2013,175.0,6-speed
bmw,k 1300 s,2014,175.0,6-speed
bmw,k 1300 s,2015,173.0,6-speed
bmw,k 1300 s hp,2012,173.0,6-speed
bmw,k 1300 s special model,2013,175.0,6-speed
bmw,k 1300 s sport,2012,173.0,6-speed
bmw,k 1600 gt,2012,160.0,6-speed
bmw,k 1600 gt,2013,160.0,6-speed
bmw,k 1600 gt,2014,160.0,6-speed
bmw,k 1600 gt,2015,160.0,6-speed
bmw,k 1600 gt,2016,160.0,6-speed
bmw,k 1600 gt,2018,160.0,6-speed
bmw,k 1600 gt,2019,160.0,6-speed
bmw,k 1600 gt,2020,158.0,6-speed
bmw,k 1600 gt sport,2014,160.0,6-speed
bmw,k 1600 gtl,2011,158.0,6-speed
bmw,k 1600 gtl,2012,160.0,6-speed
bmw,k 1600 gtl,2013,160.0,6-speed
bmw,k 1600 gtl,2014,160.0,6-speed
bmw,k 1600 gtl,2015,158.0,6-speed
bmw,k 1600 gtl,2016,160.0,6-speed
bmw,k 1600 gtl,2017,160.0,6-speed
bmw,k 1600 gtl,2018,160.0,6-speed
bmw,k 1600 gtl,2019,160.0,6-speed
bmw,k 1600 gtl e,2012,160.0,6-speed
bmw,k 1600 gtl exclusive,2015,160.0,6-speed
bmw,k1200r,2007,163.0,6-speed
bmw,m 1000 rr,2022,205.0,6-speed
bmw,r 1150 rt,2004,93.9,6-speed
bmw,r 1200 gs,2010,103.0,6-speed
bmw,r 1200 gs,2011,108.0,6-speed
bmw,r 1200 gs,2012,48.0,6-speed
bmw,r 1200 gs adventure,2009,103.0,6-speed
bmw,r 1200 gs adventure,2010,103.0,6-speed
bmw,r 1200 gs adventure,2011,108.0,6-speed
bmw,r 1200 gs adventure,2012,110.0,6-speed
bmw,r 1200 gs adventure,2013,110.0,6-speed
bmw,r 1200 gs adventure,2015,125.0,6-speed
bmw,r 1200 gs adventure,2016,125.0,6-speed
bmw,r 1200 gs adventure,2017,125.0,6-speed
bmw,r 1200 gs adventure,2018,125.0,6-speed
bmw,r 1200 gs adventure xe,2014,125.0,6-speed
bmw,r 1200 gs rallye,2012,48.0,6-speed
bmw,r 1200 gs triple black,2012,48.0,6-speed
bmw,r 1200 r,2009,107.0,6-speed
bmw,r 1200 r,2010,107.0,6-speed
bmw,r 1200 r,2011,107.0,6-speed
bmw,r 1200 r,2013,87.0,6-speed
bmw,r 1200 r classic,2011,110.0,6-speed
bmw,r 1200 rs,2015,123.0,6-speed
bmw,r 1200 rs,2016,123.0,6-speed
bmw,r 1200 rt,2009,108.0,6-speed
bmw,r 1200 rt,2010,108.0,6-speed
bmw,r 1200 rt,2011,108.0,6-speed
bmw,r 1200 rt,2012,108.0,6-speed
bmw,r 1200 rt,2013,110.0,6-speed
bmw,r 1200 rt,2015,125.0,6-speed
bmw,r 1200 rt,2016,125.0,6-speed
bmw,r 1200 rt le,2014,125.0,6-speed
bmw,r 1200 rt se,2012,108.0,6-speed
bmw,r 1200 s,2009,120.0,6-speed
bmw,r 1250 rt,2022,136.0,6-speed
bmw,r 18,2021,91.0,6-speed
bmw,r 18 classic,2021,91.0,6-speed
bmw,r 18 classic,2022,91.0,6-speed
bmw,r ninet scrambler,2017,110.0,6-speed
bmw,r ninet scrambler,2018,110.0,6-speed
bmw,r ninet scrambler,2019,110.0,6-speed
bmw,s 1000 r,2015,160.0,6-speed
bmw,s 1000 r,2016,160.0,6-speed
bmw,s 1000 r,2017,160.0,6-speed
bmw,s 1000 r,2018,165.0,6-speed
bmw,s 1000 r,2019,162.0,6-speed
bmw,s 1000 r,2020,165.0,6-speed
bmw,s 1000 r sport,2018,165.0,6-speed
bmw,s 1000 rr,2010,190.0,6-speed
bmw,s 1000 rr,2011,190.0,6-speed
bmw,s 1000 rr,2012,190.0,6-speed
bmw,s 1000 rr,2013,193.0,6-speed
bmw,s 1000 rr,2014,193.0,6-speed
bmw,s 1000 rr,2015,195.0,6-speed
bmw,s 1000 rr,2016,199.0,6-speed
bmw,s 1000 rr,2018,199.0,6-speed
bmw,s 1000 rr sport,2018,199.0,6-speed
bmw,s 1000 xr,2015,158.0,6-speed
bmw,s 1000 xr,2016,158.0,6-speed
bmw,s 1000 xr,2017,160.0,6-speed
bmw,s 1000 xr,2018,165.0,6-speed
bmw,s 1000 xr,2019,165.0,6-speed
bmw,s 1000 xr,2020,162.0,6-speed
bmw,s 1000 xr sport se,2018,165.0,6-speed
buell,1125cr cafe racer,2010,146.0,6-speed
buell,blast,2003,34.0,5-speed
buell,blast,2004,34.0,5-speed
buell,blast,2009,34.0,5-speed
buell,firebolt xb12r,2004,100.0,5-speed
buell,firebolt xb12r,2005,103.0,5-speed
buell,firebolt xb9r,2003,92.0,5-speed
buell,firebolt xb9r,2004,92.0,5-speed
buell,firebolt xb9r,2005,92.0,5-speed
buell,lightning cityx xb9sx,2005,92.0,5-speed
buell,lightning xb12s,2004,100.0,5-speed
buell,lightning xb12s,2005,92.0,5-speed
buell,lightning xb12scg,2005,92.0,5-speed
buell,lightning xb12scg,2009,103.0,5-speed
buell,lightning xb9s,2003,92.0,5-speed
buell,lightning xb9s,2004,84.2,5-speed
buell,s2-t,1996,76.0,5-speed
buell,xb12ss lightning long,2010,103.0,5-speed
buell,xb12sx lightning city x,2010,92.5,5-speed
buell,xb12xt ulysses,2010,103.0,5-speed
buell,xb9sx lightning,2010,92.0,5-speed
buell,xb9sx lightning cityx,2010,84.5,5-speed
california scooter,cyclone rx-3,2015,24.8,6-speed
california scooter,rx3,2017,24.8,6-speed
california scooter,sg250 cafe racer,2018,16.1,5-speed
can-am,spyder f3-s,2016,115.0,5-speed
can-am,spyder f3-t,2016,115.0,5-speed
can-am,spyder roadster,2008,106.0,5-speed
can-am,spyder roadster rs,2011,106.0,5-speed
can-am,spyder roadster rt,2011,100.0,5-speed
can-am,spyder roadster rt limited,2011,100.0,5-speed
can-am,spyder roadster se5,2009,106.0,Automatic
can-am,spyder roadster sm5,2009,106.0,5-speed
can-am,spyder rs,2010,106.0,5-speed
can-am,spyder rs-s,2010,106.0,5-speed
can-am,spyder rt,2010,100.0,5-speed
can-am,spyder rt,2016,115.0,5-speed
can-am,spyder rt audio,2010,100.0,5-speed
can-am,spyder rt limited,2016,115.0,5-speed
can-am,spyder rt-s,2016,115.0,5-speed
ccm,644 ds dual sport,2007,53.0,5-speed
ccm,gp 450 adventure,2015,40.2,5-speed
ccm,gp450 adventure,2017,40.2,5-speed
ccm,r30 supermoto,2007,53.0,5-speed
cf moto,650nk,2012,69.7,6-speed
cf moto,cforce 450,2016,30.2,Automatic
cf moto,cforce 500,2015,32.2,Automatic
cf moto,cforce 550,2016,38.0,Automatic
cf moto,e-charm 125,2010,8.7,Automatic
cf moto,e-charm 150,2010,12.1,Automatic
cf moto,glory 125,2010,9.0,Automatic
cleveland,fxr,2016,7.0,4-speed
daelim,daystar  250,2014,23.1,5-speed
daelim,roadsport 250,2014,25.0,5-speed
dafra,apache150,2011,14.0,5-speed
ducati,1198 r corse special edition,2010,180.0,6-speed
ducati,1198 s,2010,170.0,6-speed
ducati,1199 panigale,2013,191.0,6-speed
ducati,1199 panigale,2014,195.0,6-speed
ducati,1199 panigale r,2013,195.0,6-speed
ducati,1199 panigale r,2014,195.0,6-speed
ducati,1199 panigale s,2012,195.0,6-speed
ducati,1199 panigale s,2013,191.0,6-speed
ducati,1199 panigale s,2014,195.0,6-speed
ducati,1199 panigale s tricolore,2012,195.0,6-speed
ducati,1199 panigale s tricolore,2013,195.0,6-speed
ducati,1299 panigale,2015,205.0,6-speed
ducati,1299 panigale,2016,205.0,6-speed
ducati,1299 panigale,2017,205.0,6-speed
ducati,1299 panigale r final edition,2020,209.0,6-speed
ducati,1299 panigale s,2016,205.0,6-speed
ducati,1299 panigale s,2017,205.0,6-speed
ducati,1299 panigale s anniversario,2017,205.0,6-speed
ducati,749 dark,2005,106.0,6-speed
ducati,749 dark,2006,106.0,6-speed
ducati,749 r,2005,121.0,6-speed
ducati,749 r,2006,119.0,6-speed
ducati,848,2010,134.0,6-speed
ducati,848 evo,2013,138.0,6-speed
ducati,848 evo corse se,2013,138.0,6-speed
ducati,888 sp5,1993,118.0,6-speed
ducati,899 panigale,2014,146.0,6-speed
ducati,899 panigale,2015,148.0,6-speed
ducati,959 panigale,2016,157.0,6-speed
ducati,999 r,2005,150.0,6-speed
ducati,999 s,2005,143.0,6-speed
ducati,999 superbike,2006,138.0,6-speed
ducati,desmosedici rr,2008,197.0,6-speed
ducati,diavel,2011,159.0,6-speed
ducati,diavel,2012,162.0,6-speed
ducati,diavel,2015,162.0,6-speed
ducati,diavel,2016,162.0,6-speed
ducati,diavel,2018,152.0,6-speed
ducati,diavel 1260,2019,155.0,6-speed
ducati,diavel 1260 s,2019,157.0,6-speed
ducati,diavel 1260 s,2020,159.0,6-speed
ducati,diavel carbon,2012,162.0,6-speed
ducati,diavel carbon,2015,162.0,6-speed
ducati,diavel carbon,2017,162.0,6-speed
ducati,diavel cromo,2013,162.0,6-speed
ducati,diavel strada,2014,159.0,6-speed
ducati,diavel titanium,2015,162.0,6-speed
ducati,gt 1000,2007,90.8,6-speed
ducati,hypermotard,2013,110.0,6-speed
ducati,hypermotard,2014,110.0,6-speed
ducati,hypermotard,2015,110.0,6-speed
ducati,hypermotard 1100,2008,90.0,6-speed
ducati,hypermotard 1100,2009,90.0,6-speed
ducati,hypermotard 1100 evo,2010,95.0,6-speed
ducati,hypermotard 1100 evo,2012,95.0,6-speed
ducati,hypermotard 1100 evo corse,2012,95.0,6-speed
ducati,hypermotard 1100 evo sp,2012,95.0,6-speed
ducati,hypermotard 796,2010,81.0,6-speed
ducati,hypermotard 796,2011,81.0,6-speed
ducati,hypermotard 939 sp,2016,113.0,6-speed
ducati,hypermotard 939 sp,2017,113.0,6-speed
ducati,hypermotard 950 sp,2019,112.0,6-speed
ducati,hypermotard sp,2013,110.0,6-speed
ducati,hypermotard sp,2014,110.0,6-speed
ducati,hypermotard sp,2015,110.0,6-speed
ducati,hyperstrada,2015,110.0,6-speed
ducati,hyperstrada 939,2016,113.0,6-speed
ducati,monster 1100,2009,93.6,6-speed
ducati,monster 1100,2010,93.6,6-speed
ducati,monster 1100 evo,2013,98.6,6-speed
ducati,monster 1100 evo 20th anniversary,2013,98.6,6-speed
ducati,monster 1100 s,2010,93.6,6-speed
ducati,monster 1200,2014,135.0,6-speed
ducati,monster 1200,2015,135.0,6-speed
ducati,monster 1200,2017,135.0,6-speed
ducati,monster 1200,2018,135.0,6-speed
ducati,monster 1200 r,2016,160.0,6-speed
ducati,monster 1200 r,2019,152.0,6-speed
ducati,monster 1200 s,2014,135.0,6-speed
ducati,monster 1200 s,2015,145.0,6-speed
ducati,monster 1200 s,2016,145.0,6-speed
ducati,monster 1200 s,2017,150.0,6-speed
ducati,monster 1200 s,2018,147.0,6-speed
ducati,monster 1200 s,2019,147.0,6-speed
ducati,monster 1200 s,2020,147.0,6-speed
ducati,monster 1200 s stripe,2015,145.0,6-speed
ducati,monster 620,2006,62.2,6-speed
ducati,monster 620 dark,2005,46.4,5-speed
ducati,monster 620 dark,2006,62.2,6-speed
ducati,monster 695,2007,72.0,6-speed
ducati,monster 695,2008,72.0,6-speed
ducati,monster 696,2009,78.9,6-speed
ducati,monster 696,2010,78.9,6-speed
ducati,monster 696,2012,78.9,6-speed
ducati,monster 696,2013,78.9,6-speed
ducati,monster 696,2014,87.0,6-speed
ducati,monster 795,2013,85.8,6-speed
ducati,monster 795 abs,2013,85.8,6-speed
ducati,monster 796,2010,85.8,6-speed
ducati,monster 796,2011,85.8,6-speed
ducati,monster 796,2012,85.8,6-speed
ducati,monster 796,2013,85.8,6-speed
ducati,monster 796,2014,87.0,6-speed
ducati,monster 797,2017,75.0,6-speed
ducati,monster 797,2019,73.0,6-speed
ducati,monster 797 plus,2019,73.0,6-speed
ducati,monster 800 i.e.,2004,73.0,6-speed
ducati,monster 821,2015,112.0,6-speed
ducati,monster 821,2016,112.0,6-speed
ducati,monster 821,2017,112.0,6-speed
ducati,monster 821,2019,109.0,6-speed
ducati,monster 821  stealth,2020,109.0,6-speed
ducati,monster 821 dark,2015,112.0,6-speed
ducati,monster 821 dark,2016,112.0,6-speed
ducati,monster 821 stealth,2019,109.0,6-speed
ducati,monster 821 stripe,2017,112.0,6-speed
ducati,monster s2r 1000,2007,93.9,6-speed
ducati,monster s2r 1000,2008,93.9,6-speed
ducati,monster s2r 800,2007,76.0,6-speed
ducati,monster s4r,2006,115.0,6-speed
ducati,monster s4r s tricolore,2008,128.0,6-speed
ducati,monster s4r testastretta,2007,128.0,6-speed
ducati,monster s4r testastretta,2008,128.0,6-speed
ducati,monster sr2,2006,76.0,6-speed
ducati,monster sr2 dark,2006,76.0,6-speed
ducati,multistrada 1000 ds,2003,84.0,6-speed
ducati,multistrada 1000s ds,2006,90.8,6-speed
ducati,multistrada 1100,2007,93.9,6-speed
ducati,multistrada 1100,2008,93.9,6-speed
ducati,multistrada 1200,2010,150.0,6-speed
ducati,multistrada 1200,2011,150.0,6-speed
ducati,multistrada 1200,2012,150.0,6-speed
ducati,multistrada 1200,2013,147.0,6-speed
ducati,multistrada 1200,2014,147.0,6-speed
ducati,multistrada 1200,2015,160.0,6-speed
ducati,multistrada 1200,2016,160.0,6-speed
ducati,multistrada 1200,2017,160.0,6-speed
ducati,multistrada 1200 enduro,2016,160.0,6-speed
ducati,multistrada 1200 enduro,2017,160.0,6-speed
ducati,multistrada 1200 enduro,2018,152.0,6-speed
ducati,multistrada 1200 enduro pro,2018,152.0,6-speed
ducati,multistrada 1200 pikes peak,2017,160.0,6-speed
ducati,multistrada 1200 s,2015,160.0,6-speed
ducati,multistrada 1200 s,2016,160.0,6-speed
ducati,multistrada 1200 s,2017,160.0,6-speed
ducati,multistrada 1200 s granturismo,2013,147.0,6-speed
ducati,multistrada 1200 s granturismo,2014,150.0,6-speed
ducati,multistrada 1200 s pikes peak,2012,150.0,6-speed
ducati,multistrada 1200 s pikes peak,2013,147.0,6-speed
ducati,multistrada 1200 s pikes peak,2014,147.0,6-speed
ducati,multistrada 1200 s sport,2011,150.0,6-speed
ducati,multistrada 1200 s sport,2012,150.0,6-speed
ducati,multistrada 1200 s touring,2011,150.0,6-speed
ducati,multistrada 1200 s touring,2012,150.0,6-speed
ducati,multistrada 1200 s touring,2013,147.0,6-speed
ducati,multistrada 1200 s touring,2014,147.0,6-speed
ducati,multistrada 1260 enduro,2019,158.0,6-speed
ducati,multistrada 1260 enduro,2020,158.0,6-speed
ducati,multistrada 1260 pikes peak,2018,158.0,6-speed
ducati,multistrada 1260 pikes peak,2019,158.0,6-speed
ducati,multistrada 1260 s,2018,158.0,6-speed
ducati,multistrada 1260 s,2019,158.0,6-speed
ducati,multistrada 620,2019,62.2,6-speed
ducati,multistrada 950,2018,113.0,6-speed
ducati,multistrada 950 s,2020,113.0,6-speed
ducati,multistrada v4s,2021,179.0,6-speed
ducati,multistrada v4s,2022,170.0,6-speed
ducati,panigale 959 corse,2019,150.0,6-speed
ducati,panigale r,2015,205.0,6-speed
ducati,panigale v2,2020,155.0,6-speed
ducati,panigale v4 speciale,2018,226.0,6-speed
ducati,scrambler 1100,2018,84.5,6-speed
ducati,scrambler 1100,2019,84.5,6-speed
ducati,scrambler 1100 sport,2019,84.5,6-speed
ducati,scrambler cafe racer,2017,75.0,6-speed
ducati,scrambler cafe racer,2018,73.0,6-speed
ducati,scrambler cafe racer,2019,73.0,6-speed
ducati,scrambler classic,2015,73.8,6-speed
ducati,scrambler desert sled,2017,75.0,6-speed
ducati,scrambler desert sled,2018,73.0,6-speed
ducati,scrambler desert sled,2019,73.0,6-speed
ducati,scrambler full throttle,2015,75.0,6-speed
ducati,scrambler icon,2015,75.0,6-speed
ducati,scrambler icon dark,2020,72.4,6-speed
ducati,scrambler mach 2.0,2018,73.0,6-speed
ducati,scrambler street classic,2018,73.0,6-speed
ducati,scrambler urban enduro,2015,75.0,6-speed
ducati,sport 1000 monoposto,2007,90.8,6-speed
ducati,sport 1000s,2010,90.8,6-speed
ducati,sportclassic gt 1000,2008,90.8,6-speed
ducati,sportclassic gt 1000,2009,90.8,6-speed
ducati,sportclassic gt 1000,2010,92.0,6-speed
ducati,sportclassic sport 1000,2006,90.8,6-speed
ducati,sportclassic sport 1000 s,2009,90.8,6-speed
ducati,st3,2005,102.0,6-speed
ducati,st3,2006,105.0,6-speed
ducati,st3,2007,105.0,6-speed
ducati,st4 s,2005,89.1,6-speed
ducati,streetfighter,2010,155.0,6-speed
ducati,streetfighter,2011,155.0,6-speed
ducati,streetfighter 848,2012,132.0,6-speed
ducati,streetfighter 848,2013,130.0,6-speed
ducati,streetfighter 848,2014,132.0,6-speed
ducati,streetfighter 848,2015,132.0,6-speed
ducati,streetfighter s,2011,155.0,6-speed
ducati,streetfighter s,2012,155.0,6-speed
ducati,streetfighter s,2013,152.0,6-speed
ducati,streetfighter v4 s,2020,208.0,6-speed
ducati,superbike 1098,2007,160.0,6-speed
ducati,superbike 1098,2008,134.0,6-speed
ducati,superbike 1098 r,2008,180.0,6-speed
ducati,superbike 1098r,2009,180.0,6-speed
ducati,superbike 1198,2009,170.0,6-speed
ducati,superbike 1198,2011,170.0,6-speed
ducati,superbike 1198 s,2009,170.0,6-speed
ducati,superbike 1198 sp,2011,170.0,6-speed
ducati,superbike 848,2008,134.0,6-speed
ducati,superbike 848,2009,134.0,6-speed
ducati,superbike 848 evo,2011,140.0,6-speed
ducati,superbike 848 evo,2012,140.0,6-speed
ducati,superbike 848 evo corse,2012,140.0,6-speed
ducati,superbike 848 evo dark,2011,140.0,6-speed
ducati,superleggera 1299,2017,215.0,6-speed
ducati,supersport,2017,113.0,6-speed
ducati,supersport,2018,110.0,6-speed
ducati,supersport,2019,110.0,6-speed
ducati,supersport 1000 ds,2006,93.7,6-speed
ducati,supersport s,2017,113.0,6-speed
ducati,supersport s,2018,113.0,6-speed
ducati,supersport s,2019,108.0,6-speed
ducati,xdiavel,2016,156.0,6-speed
ducati,xdiavel,2019,152.0,6-speed
ducati,xdiavel s,2016,156.0,6-speed
ducati,xdiavel s,2017,156.0,6-speed
ducati,xdiavel s,2018,152.0,6-speed
eagle-wing,db300 naked,2011,24.1,5-speed
enfield,bullet 350,2009,18.0,4-speed
enfield,bullet electra 5s,2009,18.0,5-speed
enfield,bullet machismo,2009,18.0,5-speed
enfield,classic 350,2010,19.8,5-speed
enfield,thunderbird a350e,2005,18.0,5-speed
enfield,thunderbird twinspark,2011,19.8,5-speed
fantic,xef 250 trail,2021,21.2,6-speed
fb mondial,hps 125 hipster,2017,13.4,6-speed
fb mondial,hps 125 hipster,2019,13.4,6-speed
fb mondial,hps 250 hipster,2017,24.8,6-speed
fb mondial,pagani 1948 125,2019,14.8,6-speed
fb mondial,smt 125,2017,13.4,6-speed
fb mondial,smx 125,2017,13.4,6-speed
fb mondial,sport classic 125,2018,13.4,6-speed
gas gas,ec 300,2003,50.6,6-speed
gilera,apache 125,1991,29.3,6-speed
gilera,fuoco 500,2014,40.0,Automatic
gilera,fuoco 500,2016,40.0,Automatic
gilera,fuoco 500,2017,40.0,Automatic
gilera,runner st 125,2009,14.5,Automatic
harley-davidson,115th anniversary breakout 114,2018,94.0,6-speed
harley-davidson,115th anniversary fat boy 114 (anv),2018,86.0,6-speed
harley-davidson,115th anniversary forty-eight,2018,65.0,6-speed
harley-davidson,115th anniversary heritage classic 114,2018,94.0,6-speed
harley-davidson,115th anniversary street glide,2018,89.0,6-speed
harley-davidson,115th anniversary ultra limited,2018,90.0,6-speed
harley-davidson,breakout,2021,93.0,6-speed
harley-davidson,breakout 114,2020,100.0,6-speed
harley-davidson,cvo breakout,2013,80.0,6-speed
harley-davidson,cvo pro street breakout,2017,92.0,6-speed
harley-davidson,cvo road glide ultra,2016,97.9,6-speed
harley-davidson,cvo street glide,2016,97.9,6-speed
harley-davidson,cvo street glide,2017,102.0,6-speed
harley-davidson,cvo street glide,2018,105.0,6-speed
harley-davidson,cvo street glide,2019,105.0,6-speed
harley-davidson,cvo street glide,2020,105.0,6-speed
harley-davidson,deluxe,2020,86.0,6-speed
harley-davidson,dyna fat bob,2016,78.9,6-speed
harley-davidson,dyna fat bob,2017,80.0,6-speed
harley-davidson,dyna low rider,2017,77.0,6-speed
harley-davidson,dyna street bob,2017,77.5,6-speed
harley-davidson,dyna switchback,2016,76.1,6-speed
harley-davidson,dyna wide glide,2016,78.9,6-speed
harley-davidson,dyna wide glide,2017,80.0,6-speed
harley-davidson,electra glide standard,2021,90.0,6-speed
harley-davidson,electra glide ultra classic,2016,87.0,6-speed
harley-davidson,electra glide ultra classic,2017,90.0,6-speed
harley-davidson,electra glide ultra classic,2018,90.0,6-speed
harley-davidson,electra glide ultra classic,2019,90.0,6-speed
harley-davidson,electra glide ultra classic low,2016,87.0,6-speed
harley-davidson,fat bob 114,2020,94.0,6-speed
harley-davidson,fat bob 114,2021,94.0,6-speed
harley-davidson,fat boy 114,2020,100.0,6-speed
harley-davidson,fat boy 114,2021,100.0,6-speed
harley-davidson,fat boy 114,2022,100.0,6-speed
harley-davidson,fat boy s,2016,92.5,6-speed
harley-davidson,flh electra glide,1968,60.0,4-speed
harley-davidson,flh electra glide,1969,60.0,4-speed
harley-davidson,flhrci road king classic,2000,67.0,5-speed
harley-davidson,flhrci road king classic,2003,67.0,5-speed
harley-davidson,flhtc electra glide classic,2010,84.0,6-speed
harley-davidson,flstf fat boy,2000,63.0,5-speed
harley-davidson,flstfi fat boy,2004,62.5,5-speed
harley-davidson,fltri road glide,2006,88.4,5-speed
harley-davidson,fxdc dyna super glide custom,2009,68.0,6-speed
harley-davidson,fxdi dyna super glide,2004,67.0,5-speed
harley-davidson,fxdli dyna low rider,2006,67.0,6-speed
harley-davidson,fxdwg dyna wide glide,2003,67.0,5-speed
harley-davidson,heritage classic,2020,86.0,6-speed
harley-davidson,heritage classic 114,2021,94.0,6-speed
harley-davidson,heritage softail classic,2016,74.8,6-speed
harley-davidson,heritage softail classic,2017,78.0,6-speed
harley-davidson,low rider,2020,86.0,6-speed
harley-davidson,road glide,2019,89.0,6-speed
harley-davidson,road glide limited,2020,89.0,6-speed
harley-davidson,road glide special,2016,87.0,6-speed
harley-davidson,road glide special,2017,90.0,6-speed
harley-davidson,road glide special,2018,89.0,6-speed
harley-davidson,road glide special,2019,89.0,6-speed
harley-davidson,road glide special,2020,100.0,6-speed
harley-davidson,road glide special,2021,100.0,6-speed
harley-davidson,road glide ultra,2016,87.0,6-speed
harley-davidson,road glide ultra,2017,91.0,6-speed
harley-davidson,road glide ultra,2018,90.0,6-speed
harley-davidson,road glide ultra,2019,90.0,6-speed
harley-davidson,road king,2016,87.0,6-speed
harley-davidson,road king,2017,87.0,6-speed
harley-davidson,road king,2018,89.0,6-speed
harley-davidson,road king,2019,89.0,6-speed
harley-davidson,road king,2020,89.0,6-speed
harley-davidson,road king,2021,89.0,6-speed
harley-davidson,road king,2022,89.0,6-speed
harley-davidson,road king classic,2016,87.0,6-speed
harley-davidson,road king special,2018,87.0,6-speed
harley-davidson,road king special,2019,87.0,6-speed
harley-davidson,road king special,2020,100.0,6-speed
harley-davidson,softail breakout,2016,75.1,6-speed
harley-davidson,softail breakout,2017,75.0,6-speed
harley-davidson,softail breakout,2018,86.0,6-speed
harley-davidson,softail breakout,2019,86.0,6-speed
harley-davidson,softail breakout 114,2018,94.0,6-speed
harley-davidson,softail breakout 114,2019,94.0,6-speed
harley-davidson,softail deluxe,2016,77.8,6-speed
harley-davidson,softail deluxe,2017,79.0,6-speed
harley-davidson,softail deluxe,2018,86.0,6-speed
harley-davidson,softail deluxe,2019,86.0,6-speed
harley-davidson,softail fat bob,2018,86.0,6-speed
harley-davidson,softail fat bob,2019,86.0,6-speed
harley-davidson,softail fat bob 114,2018,94.0,6-speed
harley-davidson,softail fat bob 114,2019,94.0,6-speed
harley-davidson,softail fat boy,2016,78.0,6-speed
harley-davidson,softail fat boy,2017,75.0,6-speed
harley-davidson,softail fat boy,2018,86.0,6-speed
harley-davidson,softail fat boy,2019,86.0,6-speed
harley-davidson,softail fat boy 114,2018,94.0,6-speed
harley-davidson,softail fat boy 114,2019,94.0,6-speed
harley-davidson,softail heritage classic,2018,86.0,6-speed
harley-davidson,softail heritage classic,2019,86.0,6-speed
harley-davidson,softail heritage classic 114,2018,94.0,6-speed
harley-davidson,softail heritage classic 114,2019,94.0,6-speed
harley-davidson,softail heritage classic 114,2020,94.0,6-speed
harley-davidson,softail low rider,2018,86.0,6-speed
harley-davidson,softail low rider,2019,86.0,6-speed
harley-davidson,softail low rider s,2020,86.0,6-speed
harley-davidson,softail slim,2016,78.9,6-speed
harley-davidson,softail slim,2017,75.0,6-speed
harley-davidson,softail slim,2018,86.0,6-speed
harley-davidson,softail slim,2019,86.0,6-speed
harley-davidson,softail slim,2020,86.0,6-speed
harley-davidson,softail slim s,2016,92.5,6-speed
harley-davidson,softail slim s,2017,92.0,6-speed
harley-davidson,softail street bob,2018,86.0,6-speed
harley-davidson,softail street bob,2019,86.0,6-speed
harley-davidson,sport glide,2018,86.0,6-speed
harley-davidson,sport glide,2019,86.0,6-speed
harley-davidson,sport glide,2020,86.0,6-speed
harley-davidson,sport glide,2021,86.0,6-speed
harley-davidson,sportster 1200 custom,2018,67.0,5-speed
harley-davidson,sportster forty-eight,2016,67.1,5-speed
harley-davidson,sportster forty-eight,2017,67.0,6-speed
harley-davidson,sportster forty-eight,2019,65.0,6-speed
harley-davidson,sportster roadster,2017,67.0,6-speed
harley-davidson,sportster roadster,2019,67.0,6-speed
harley-davidson,sportster superlow  1200t,2015,67.1,5-speed
harley-davidson,street 750,2017,58.0,6-speed
harley-davidson,street 750,2018,58.0,6-speed
harley-davidson,street 750,2019,58.0,6-speed
harley-davidson,street 750,2020,58.0,6-speed
harley-davidson,street 750 dark custom,2016,57.0,6-speed
harley-davidson,street bob,2020,86.0,6-speed
harley-davidson,street glide,2016,85.8,6-speed
harley-davidson,street glide,2017,85.8,6-speed
harley-davidson,street glide,2018,89.0,6-speed
harley-davidson,street glide,2019,89.0,6-speed
harley-davidson,street glide,2020,89.0,6-speed
harley-davidson,street glide,2021,89.0,6-speed
harley-davidson,street glide special,2016,87.0,6-speed
harley-davidson,street glide special,2017,90.0,6-speed
harley-davidson,street glide special,2018,89.0,6-speed
harley-davidson,street glide special,2019,89.0,6-speed
harley-davidson,street glide special,2020,100.0,6-speed
harley-davidson,street glide special,2021,100.0,6-speed
harley-davidson,street rod,2018,70.0,6-speed
harley-davidson,ultra limited,2016,87.0,6-speed
harley-davidson,ultra limited,2017,91.0,6-speed
harley-davidson,ultra limited,2018,90.0,6-speed
harley-davidson,ultra limited,2019,90.0,6-speed
harley-davidson,ultra limited,2020,100.0,6-speed
harley-davidson,ultra limited,2021,100.0,6-speed
harley-davidson,ultra limited low,2018,90.0,6-speed
harley-davidson,ultra limited low,2019,90.0,6-speed
harley-davidson,vrscse screamin eagle v-rod,2006,123.0,5-speed
harley-davidson,xl 1200 c sportster custom,2005,58.0,5-speed
harley-davidson,xl 883 sportster,2004,53.0,5-speed
harley-davidson,xl 883 sportster,2005,68.0,5-speed
harley-davidson,xr1200x,2010,90.0,5-speed
hartford,hd-125l,2014,9.5,5-speed
hartford,vr-220h,2020,19.2,5-speed
hero,passion x pro,2013,8.7,4-speed
highland,outback,2006,83.8,6-speed
highland,supermotard 450,2009,56.4,6-speed
honda,anf125i innova,2010,9.2,4-speed
honda,anf125i innova,2011,9.2,4-speed
honda,anf125i innova,2012,9.2,4-speed
honda,ape 100,2014,7.0,5-speed
honda,beat 110,2014,8.3,Automatic
honda,beat fi,2015,8.5,Automatic
honda,beat scooter,2013,8.3,Automatic
honda,c50,1972,4.8,3-speed
honda,c90 k3,1978,7.5,3-speed
honda,cb1000r,2009,123.0,6-speed
honda,cb1100 type 2,2011,87.2,5-speed
honda,cb1100 type 2 abs,2011,87.2,5-speed
honda,cb125 cl,2014,8.5,4-speed
honda,cb125cl,2015,8.5,4-speed
honda,cb1300 super bol dor abs,2011,99.2,5-speed
honda,cb1300 super four,2011,99.2,5-speed
honda,cb1300 super four,2013,99.2,5-speed
honda,cb1300 super four abs,2011,99.2,5-speed
honda,cb1300 super touring,2011,97.9,5-speed
honda,cb250f,2015,29.0,6-speed
honda,cb400,2014,52.3,6-speed
honda,cb400 super four,2013,52.3,6-speed
honda,cb400 super four,2015,52.3,6-speed
honda,cb400 super four abs,2013,52.3,6-speed
honda,cb400a,2016,52.3,6-speed
honda,cb400f,2014,52.3,6-speed
honda,cb500f,2014,46.9,6-speed
honda,cb500f,2015,46.9,6-speed
honda,cb500f,2016,46.9,6-speed
honda,cb500f,2017,46.9,6-speed
honda,cb500f,2018,46.9,6-speed
honda,cb500f,2022,46.9,6-speed
honda,cb500f abs,2014,46.9,6-speed
honda,cb500f abs,2015,46.9,6-speed
honda,cb500f abs,2017,46.9,6-speed
honda,cb500f abs,2018,46.9,6-speed
honda,cb500x,2014,46.9,6-speed
honda,cb500x,2015,46.9,6-speed
honda,cb500x,2016,46.9,6-speed
honda,cb500x,2017,46.9,6-speed
honda,cb500x,2018,46.9,6-speed
honda,cb500x abs,2014,46.9,6-speed
honda,cb500x abs,2015,46.9,6-speed
honda,cb600f,2011,100.0,6-speed
honda,cb600f hornet 600,2013,100.0,6-speed
honda,cb600f hornet abs,2013,100.0,6-speed
honda,cbf1000,2009,96.6,6-speed
honda,cbf1000,2011,96.6,6-speed
honda,cbf1000 abs,2010,96.6,6-speed
honda,cbf1000 abs,2011,96.6,6-speed
honda,cbf125,2011,11.1,5-speed
honda,cbf125,2015,11.1,5-speed
honda,cbf125,2017,11.1,5-speed
honda,cbf600,2009,76.4,6-speed
honda,cbf600n,2010,76.4,6-speed
honda,cbf600n,2011,76.4,6-speed
honda,cbf600n c-abs,2010,76.4,6-speed
honda,cbf600s,2009,76.4,6-speed
honda,cbf600s abs,2011,76.4,6-speed
honda,cbr 1000 rr fireblade,2006,169.0,6-speed
honda,cbr 1100 xx super blackbird,2007,150.0,6-speed
honda,cbr 125 r,2005,13.3,6-speed
honda,cbr 600 f,1999,110.0,6-speed
honda,cbr1000rr,2013,175.0,6-speed
honda,cbr125,2009,13.4,6-speed
honda,cbr125r,2011,13.4,6-speed
honda,cbr125r,2012,13.4,6-speed
honda,click 125i,2017,11.4,Automatic
honda,crf150r,2009,22.3,5-speed
honda,crf150r2,2009,22.3,5-speed
honda,crf450r,2009,50.7,5-speed
honda,deauville 700,2010,64.8,5-speed
honda,deauville 700 c-abs,2010,64.8,5-speed
honda,faze,2013,22.8,Automatic
honda,forza,2015,22.0,Automatic
honda,forza,2017,25.5,Automatic
honda,forza 300,2016,25.5,Automatic
honda,forza 300,2019,24.8,Automatic
honda,forza 300,2020,24.8,Automatic
honda,forza abs,2015,22.0,Automatic
honda,forza si,2015,22.0,Automatic
honda,forza z,2014,22.0,Automatic
honda,ftr,2013,21.5,6-speed
honda,ftr,2016,21.5,5-speed
honda,gl 1100 gold wing,1982,83.0,5-speed
honda,gl 1500 gold wing se,1996,100.0,5-speed
honda,gl 1800 gold wing,2005,118.0,5-speed
honda,gl 1800 gold wing abs,2005,118.0,5-speed
honda,gl1800 gold wing deluxe,2010,116.0,5-speed
honda,lead,2009,8.9,Automatic
honda,lead 110,2012,8.9,Automatic
honda,nhx110 lead,2011,8.9,Automatic
honda,nt700v deauville,2009,64.8,5-speed
honda,nt700va deauville,2012,64.8,5-speed
honda,pc800 pacific coast,1995,46.0,5-speed
honda,rc213v-s,2018,101.0,6-speed
honda,rebel 500,2017,48.0,6-speed
honda,rebel 500,2018,48.0,6-speed
honda,rebel 500 abs,2019,48.0,6-speed
honda,rs 125,2013,9.4,Automatic
honda,rs 125,2015,9.4,Automatic
honda,s-wing 125,2014,13.0,Automatic
honda,scoopy,2013,6.1,Automatic
honda,scoopy,2014,6.1,Automatic
honda,scoopy 110,2015,6.1,Automatic
honda,sh125i,2012,13.0,Automatic
honda,sh125i,2014,11.7,Automatic
honda,sh125i,2017,11.7,Automatic
honda,sh150i,2020,14.7,Automatic
honda,sh150i special,2011,15.6,Automatic
honda,sh300i,2012,26.8,Automatic
honda,sh300i,2013,26.8,Automatic
honda,shadow 750 black spirit,2010,44.9,5-speed
honda,shadow 750 c-abs,2010,44.9,5-speed
honda,shadow 750 c-abs,2011,44.9,5-speed
honda,shadow rs,2010,44.9,5-speed
honda,st 1100 pan european,1994,100.0,5-speed
honda,st 1300,2004,118.0,5-speed
honda,st 1300,2005,118.0,5-speed
honda,st 1300 abs,2005,118.0,5-speed
honda,st1300 pan-european,2012,117.0,5-speed
honda,super cub,2015,8.0,4-speed
honda,super cub 110,2013,8.0,4-speed
honda,tmx 125 alpha,2015,9.7,5-speed
honda,tmx 155,2013,12.5,4-speed
honda,tmx supremo,2013,10.5,5-speed
honda,tmx supremo,2014,10.5,5-speed
honda,tmx supremo,2015,10.5,5-speed
honda,transalp,2013,59.1,5-speed
honda,varadero 125,2009,14.2,5-speed
honda,varadero 125,2011,14.2,5-speed
honda,varadero 125,2015,14.2,5-speed
honda,varadero 125 dx,2011,14.2,5-speed
honda,vf 1100 s sabre v65,1984,121.0,6-speed
honda,vf 400 f,1987,55.0,6-speed
honda,vf 750 magna,2003,78.2,5-speed
honda,vfr 800,2012,107.0,6-speed
honda,vfr1200f,2010,170.0,6-speed
honda,vfr800,2009,107.0,6-speed
honda,vfr800,2013,107.0,6-speed
honda,vfr800f,2014,107.0,6-speed
honda,vision 110,2017,8.3,Automatic
honda,vt 500 c,1985,50.0,6-speed
honda,vt 600 c shadow vlx,2002,38.4,5-speed
honda,vt 700 c,1984,62.0,6-speed
honda,vt 750 c shadow,2008,44.9,5-speed
honda,vt1300cr,2013,57.0,5-speed
honda,vt1300cs,2013,57.0,5-speed
honda,vt1300cx,2011,57.0,5-speed
honda,vt1300cx,2012,57.0,5-speed
honda,vt1300cx,2016,57.0,5-speed
honda,vt400s,2014,30.8,5-speed
honda,vt750 s,2012,43.2,5-speed
honda,vt750c shadow,2009,44.9,5-speed
honda,vt750c2 shadow,2011,44.9,5-speed
honda,vt750dc shadow spirit,2009,44.9,5-speed
honda,vt750s,2013,43.2,5-speed
honda,vtx 1300 s,2003,74.0,5-speed
honda,vtx 1800,2004,107.0,5-speed
honda,wave 100,2013,7.2,4-speed
honda,wave 100,2014,7.2,4-speed
honda,wave 100r,2013,7.3,Automatic
honda,wave 100r,2014,7.3,Automatic
honda,wave 110 alpha,2015,7.2,4-speed
honda,wave 110i,2017,8.4,4-speed
honda,wave 125 alpha,2015,9.1,Automatic
honda,xl 125 varadero,2013,14.2,5-speed
honda,xl varadero 125,2012,14.2,5-speed
honda,xl1000v varadero,2009,92.5,6-speed
honda,xl1000v varadero,2011,92.5,6-speed
honda,xl1000v varadero,2012,92.5,6-speed
honda,xl1000v varadero,2013,92.5,6-speed
honda,xl125v varadero,2010,14.2,5-speed
honda,xl700v transalp,2009,59.1,5-speed
honda,xl700v transalp,2012,59.1,5-speed
honda,xl700v transalp abs,2010,59.1,5-speed
honda,xr 200,2013,12.1,Automatic
honda,xr 200,2014,12.1,5-speed
honda,xrm 125 dual sport,2013,9.4,4-speed
honda,xrm 125 motard,2013,9.4,4-speed
honda,xrm 125 off-road,2013,9.6,4-speed
honda,xrm125 dsx,2015,9.6,4-speed
honda,xrm125 dual sport,2015,9.4,4-speed
honda,xrm125 motard,2015,9.4,4-speed
honda,zoomer,2011,4.0,Automatic
honda,zoomer,2012,4.0,Automatic
honda,zoomer,2013,4.0,Automatic
honda,zoomer-x,2014,8.2,Automatic
honda,zoomer-x,2015,8.2,Automatic
husqvarna,701 enduro,2020,73.8,6-speed
husqvarna,nuda 900,2012,103.0,6-speed
husqvarna,nuda 900r,2012,103.0,6-speed
hyosung,gt125,2011,14.2,5-speed
hyosung,gt125 comet,2016,14.2,5-speed
hyosung,gt125r,2011,14.2,5-speed
hyosung,gt125r,2013,14.2,5-speed
hyosung,gt250,2011,27.0,5-speed
hyosung,gt250,2012,27.0,5-speed
hyosung,gt250,2013,27.0,5-speed
hyosung,gt250,2014,27.0,5-speed
hyosung,gt250r,2011,27.0,5-speed
hyosung,gt250r,2012,27.0,5-speed
hyosung,gt250r,2013,27.0,5-speed
hyosung,gt250r,2016,27.0,6-speed
hyosung,gt250r,2017,27.0,6-speed
hyosung,gv 250,2011,25.0,5-speed
hyosung,gv 650 avitar,2011,79.0,5-speed
hyosung,gv 650 se,2011,79.0,5-speed
hyosung,gv250,2012,25.0,5-speed
hyosung,gv250,2016,25.0,5-speed
hyosung,gv650,2012,79.0,5-speed
hyosung,gv650 aquila pro,2013,79.0,5-speed
hyosung,gv650 pro,2017,79.0,5-speed
hyosung,ms3-250,2011,25.0,Automatic
hyosung,ms3-250,2013,25.0,Automatic
hyosung,st7,2012,79.0,5-speed
hyosung,st7,2016,79.0,5-speed
hyosung,st7,2017,79.0,5-speed
indian,chief vintage,2003,65.0,5-speed
indian,ftr 1200,2019,123.0,6-speed
indian,ftr 1200 s,2019,123.0,6-speed
indian,me 100,1974,8.0,5-speed
jawa-cz,50 robby,2012,3.0,4-speed
jawa-cz,650 dakar,2009,47.5,5-speed
jawa-cz,660,2013,47.5,5-speed
johnny pag,pro street,2010,23.8,5-speed
johnny pag,spyder 300,2007,23.8,5-speed
kawasaki,1400 gtr,2012,152.0,6-speed
kawasaki,1400gtr grand tourer,2012,152.0,6-speed
kawasaki,1400gtr grand tourer,2014,152.0,6-speed
kawasaki,250 s 1 mach i,1973,28.0,5-speed
kawasaki,d-tracker,2016,12.0,5-speed
kawasaki,d-tracker 125,2012,10.2,5-speed
kawasaki,d-tracker 125,2013,10.1,5-speed
kawasaki,d-tracker 150,2014,11.7,5-speed
kawasaki,er-6n,2015,72.0,6-speed
kawasaki,klr 650,2008,36.1,5-speed
kawasaki,klx 125,2012,10.2,5-speed
kawasaki,kr1-s,1992,59.1,6-speed
kawasaki,kx 250f,2010,27.0,5-speed
kawasaki,kz 750 k1 ltd,1983,55.0,5-speed
kawasaki,kz750,1977,55.0,5-speed
kawasaki,ninja 250 r,1997,45.0,6-speed
kawasaki,ninja 650r,2007,71.0,6-speed
kawasaki,ninja zx-12r,2004,178.0,6-speed
kawasaki,versys  650 abs,2018,69.0,6-speed
kawasaki,versys  650 abs,2019,69.0,6-speed
kawasaki,versys 650,2020,69.0,6-speed
kawasaki,voyager xii,1998,97.0,5-speed
kawasaki,vulcan 1600 classic,2007,65.7,5-speed
kawasaki,z 900,1975,81.0,5-speed
kawasaki,z400,2020,45.0,6-speed
kawasaki,z750,2012,104.0,6-speed
kawasaki,z750 abs,2007,104.0,6-speed
kawasaki,zr-7s,2003,75.1,5-speed
kawasaki,zrx1200 daeg,2013,108.0,6-speed
kawasaki,zrx1200 daeg,2015,110.0,6-speed
kawasaki,zrx1200 daeg,2017,110.0,6-speed
kawasaki,zx-6r,1998,108.0,6-speed
keeway,ajax 150,2017,11.0,5-speed
keeway,blackster 250,2015,19.2,5-speed
keeway,blackster 250,2017,19.0,5-speed
keeway,blackster 250i,2013,17.3,5-speed
keeway,blackster 250i,2014,19.2,5-speed
keeway,city 100,2014,7.4,4-speed
keeway,city 150,2015,11.3,4-speed
keeway,city 150,2017,11.3,4-speed
keeway,cityblade 125 e4,2021,9.0,Automatic
keeway,cityblade 150,2016,11.1,Automatic
keeway,dorado 250,2014,19.2,5-speed
keeway,handy 150,2015,11.0,4-speed
keeway,k-light 125,2021,10.5,5-speed
keeway,kee 110,2015,6.9,4-speed
keeway,kee 125,2018,8.7,4-speed
keeway,kxm 200,2013,16.1,5-speed
keeway,rcs 125,2018,8.7,4-speed
keeway,rk 125,2016,10.1,5-speed
keeway,rk iii 150,2013,11.8,5-speed
keeway,rk6 600i,2014,80.5,6-speed
keeway,rks 125,2013,11.0,5-speed
keeway,rks 125,2014,11.0,5-speed
keeway,rks 125,2016,11.3,5-speed
keeway,rks 150,2013,11.9,5-speed
keeway,rks 150,2014,11.9,5-speed
keeway,rks 150 sport,2016,12.1,5-speed
keeway,rks 150 sport,2017,12.1,5-speed
keeway,rkv 125,2013,11.0,5-speed
keeway,rkv 125,2014,11.0,5-speed
keeway,rkv 125,2017,11.0,5-speed
keeway,rkv 150,2013,11.9,5-speed
keeway,rkv 200,2013,12.7,5-speed
keeway,rkv 200,2014,12.7,5-speed
keeway,rkv 200s,2014,16.1,5-speed
keeway,silverblade 250,2017,20.8,Automatic
keeway,strike 125,2014,11.0,5-speed
keeway,superlight 125,2014,10.5,5-speed
keeway,superlight 125,2015,10.5,5-speed
keeway,superlight 125,2017,10.5,5-speed
keeway,superlight 125,2021,10.5,5-speed
keeway,superlight 125 limited,2016,10.5,5-speed
keeway,superlight 125 ltd,2017,10.5,5-speed
keeway,superlight 125 standard,2016,10.5,5-speed
keeway,superlight 150,2015,11.8,5-speed
keeway,superlight 200,2014,12.7,5-speed
keeway,superlight 200,2016,12.9,5-speed
keeway,target 125,2013,8.7,4-speed
keeway,target 125,2015,8.7,4-speed
keeway,tx 125 enduro,2016,11.0,5-speed
keeway,tx 125 enduro,2017,11.0,5-speed
keeway,tx 125 sm,2014,11.0,5-speed
keeway,tx 200 en,2014,12.7,5-speed
keeway,tx 200 sm,2014,12.7,5-speed
keeway,txm 125 s,2015,11.0,5-speed
keeway,txm 150,2015,11.8,5-speed
keeway,zahara 125,2015,8.5,Automatic
keeway,zahara 50,2015,3.8,Automatic
ktm,1190 rc8,2009,151.0,6-speed
ktm,1190 rc8,2010,152.0,6-speed
ktm,1190 rc8,2011,152.0,6-speed
ktm,1190 rc8 r,2011,167.0,6-speed
ktm,1190 rc8 r,2012,173.0,6-speed
ktm,1190 rc8 r red bull limited edition,2010,167.0,6-speed
ktm,125 duke,2020,15.0,6-speed
ktm,125 duke,2021,15.0,6-speed
ktm,1290 super duke r,2020,177.0,6-speed
ktm,1290 super duke r,2021,180.0,6-speed
ktm,390 adventure,2020,44.0,6-speed
ktm,390 adventure,2021,43.0,6-speed
ktm,390 duke,2020,44.0,6-speed
ktm,390 duke,2021,44.0,6-speed
ktm,640 duke ii black,2005,53.6,5-speed
ktm,690 duke r,2011,69.1,6-speed
ktm,690 smc,2011,62.1,6-speed
ktm,690 supermoto,2009,63.0,6-speed
ktm,690 supermoto limited edition,2010,62.8,6-speed
ktm,690 supermoto limited edition,2011,62.8,6-speed
ktm,790 adventure,2019,93.9,6-speed
ktm,950 adventure black,2005,96.6,6-speed
ktm,990 adventure,2008,96.6,6-speed
ktm,990 adventure,2009,104.0,6-speed
ktm,990 adventure,2010,104.0,6-speed
ktm,990 adventure dakar,2011,115.0,6-speed
ktm,990 adventure r,2011,113.0,6-speed
ktm,990 super duke,2009,118.0,6-speed
ktm,990 super duke,2011,118.0,6-speed
ktm,990 super duke orange,2005,118.0,6-speed
ktm,990 super duke r,2009,130.0,6-speed
ktm,990 super duke r,2012,123.0,6-speed
ktm,990 super duketitanium,2006,118.0,6-speed
ktm,990 superduke orange,2006,118.0,6-speed
ktm,990 supermoto,2009,114.0,6-speed
ktm,990 supermoto,2010,114.0,6-speed
ktm,990 supermoto,2011,114.0,6-speed
ktm,990 supermoto r,2010,114.0,6-speed
ktm,990 supermoto r,2011,114.0,6-speed
ktm,990 supermoto t,2010,114.0,6-speed
ktm,990 supermoto t,2011,114.0,6-speed
ktm,990 supermoto t,2012,114.0,6-speed
ktm,rc 125,2016,15.0,6-speed
ktm,rc 125,2017,15.0,6-speed
ktm,rc 125,2018,15.0,6-speed
ktm,rc 390,2020,44.0,6-speed
kymco,agility 125,2016,9.3,Automatic
kymco,agility 125,2017,9.3,Automatic
kymco,agility 50,2017,1.9,4-speed
kymco,downtown 200,2010,21.1,Automatic
kymco,grand dink 125,2008,11.5,Automatic
kymco,hipster 150,2009,11.5,5-speed
kymco,jetix 150,2010,8.0,Automatic
kymco,k-pipe 125,2016,8.0,4-speed
kymco,k-pipe 125,2017,8.0,4-speed
kymco,like 150i,2019,13.5,Automatic
kymco,people gt 300i,2016,29.5,Automatic
kymco,people gt 300i,2017,29.5,Automatic
kymco,pulsar lx 125,2011,10.1,5-speed
kymco,quannon 125,2008,12.9,5-speed
kymco,quannon naked 125,2010,12.9,5-speed
kymco,venox 250i,2016,21.8,5-speed
kymco,venox carb 250 e2,2010,27.5,5-speed
kymco,x-town 300i,2019,23.0,Automatic
kymco,x-town 300i,2021,24.1,Automatic
kymco,xciting 400i abs,2017,35.5,Automatic
kymco,xciting 500 ri abs,2017,37.8,Automatic
lifan,kp mini,2017,12.2,5-speed
lifan,kp-200,2017,17.0,6-speed
lifan,kpr 200,2017,17.0,6-speed
loncin,cr5,2016,14.1,6-speed
loncin,cr6,2018,29.0,6-speed
loncin,gp250,2017,17.7,6-speed
loncin,gp300,2018,29.0,6-speed
loncin,sx1,2017,17.7,5-speed
malaguti,madison 3 250 i.e.,2010,22.1,Automatic
malaguti,password 250,2007,22.1,Automatic
malaguti,spidermax rs500,2009,40.9,Automatic
malaguti,spidermax rs500,2010,40.9,Automatic
mbk,booster naked,2009,3.2,Automatic
megelli,sport 250r,2016,27.0,6-speed
moto guzzi,1200 sport,2009,93.9,6-speed
moto guzzi,1200 sport 4v,2010,103.0,6-speed
moto guzzi,1200 sport 4v,2011,103.0,6-speed
moto guzzi,bellagio,2010,73.8,6-speed
moto guzzi,bellagio,2011,75.0,6-speed
moto guzzi,bellagio aquila nera,2011,75.0,6-speed
moto guzzi,breva 1100,2009,84.5,6-speed
moto guzzi,breva 1100,2010,84.5,6-speed
moto guzzi,breva 1100,2012,84.5,6-speed
moto guzzi,breva 1200,2011,92.0,6-speed
moto guzzi,breva 1200 abs,2011,92.0,6-speed
moto guzzi,breva 1200 sport,2009,95.0,6-speed
moto guzzi,breva 750,2009,47.6,5-speed
moto guzzi,breva 750,2010,47.6,5-speed
moto guzzi,breva v 750 i.e.,2004,44.9,6-speed
moto guzzi,california 90 anniversary,2012,74.0,5-speed
moto guzzi,california aluminium,2004,73.8,5-speed
moto guzzi,california classic,2011,73.8,5-speed
moto guzzi,california ev,2004,73.8,5-speed
moto guzzi,california ev touring,2004,73.8,5-speed
moto guzzi,california stone,2004,73.8,5-speed
moto guzzi,california stone touring,2004,73.8,5-speed
moto guzzi,california titanum,2004,73.8,5-speed
moto guzzi,california vintage,2009,72.4,5-speed
moto guzzi,california vintage,2010,72.4,5-speed
moto guzzi,california vintage,2011,72.4,5-speed
moto guzzi,california vintage,2012,72.4,5-speed
moto guzzi,griso 1100,2009,86.9,6-speed
moto guzzi,griso 1100,2012,86.9,6-speed
moto guzzi,griso 1200 8v,2011,110.0,6-speed
moto guzzi,griso 1200 8v,2012,110.0,6-speed
moto guzzi,griso 1200 8v se,2011,110.0,6-speed
moto guzzi,griso 850,2009,75.1,6-speed
moto guzzi,griso 8v,2009,110.0,6-speed
moto guzzi,griso 8v,2010,110.0,6-speed
moto guzzi,griso 8v se,2012,110.0,6-speed
moto guzzi,griso 8v se,2013,110.0,6-speed
moto guzzi,griso 8v special edition,2009,110.0,6-speed
moto guzzi,griso 8v special edition,2010,110.0,6-speed
moto guzzi,mgs-01 corsa,2011,128.0,6-speed
moto guzzi,nevada 750,2004,45.6,5-speed
moto guzzi,nevada 750 club,2004,45.6,5-speed
moto guzzi,norge 1200 gt,2010,88.5,6-speed
moto guzzi,norge 1200 gt,2011,95.0,6-speed
moto guzzi,norge 1200 gt,2012,95.0,6-speed
moto guzzi,norge 1200 gtl,2009,88.5,6-speed
moto guzzi,norge 1200 tl,2009,88.5,6-speed
moto guzzi,norge gt 8v,2012,102.0,6-speed
moto guzzi,norge gt 8v,2013,102.0,6-speed
moto guzzi,norge gt 8v,2014,102.0,6-speed
moto guzzi,norge gt 8v,2015,102.0,6-speed
moto guzzi,norge gt 8v,2016,102.0,6-speed
moto guzzi,norge gt 8v,2017,102.0,6-speed
moto guzzi,stelvio 1200 4v abs,2011,105.0,6-speed
moto guzzi,v 11 cafe sport,2004,89.9,6-speed
moto guzzi,v 11 coppa  italia,2004,89.9,6-speed
moto guzzi,v 11 sport ballabio,2004,89.9,6-speed
moto guzzi,v11 le mans,2003,90.0,5-speed
moto guzzi,v11 le mans,2004,89.9,6-speed
moto guzzi,v11 le mans nero corsa,2004,89.9,6-speed
moto guzzi,v11 le mans rosso corsa,2004,89.9,6-speed
moto guzzi,v7 ii stone abs,2016,48.0,6-speed
moto guzzi,v7 ii stornello,2018,48.0,5-speed
moto guzzi,v7 iii milano,2018,52.0,6-speed
moto guzzi,v7 iii stone,2019,52.0,5-speed
moto morini,1200 sport,2012,117.0,6-speed
moto morini,9 1-2,2012,117.0,6-speed
moto morini,corsaro 1200,2011,117.0,6-speed
moto morini,corsaro 1200,2012,140.0,6-speed
moto morini,corsaro 1200 veloce,2010,140.0,6-speed
moto morini,corsaro 1200 veloce,2012,140.0,6-speed
moto morini,granpasso 1200,2009,118.0,6-speed
motoczysz,c1 990,2010,220.0,6-speed
motoczysz,c1 990,2011,220.0,6-speed
mv agusta,brutale,2011,128.0,6-speed
mv agusta,brutale 1078rr,2008,154.0,6-speed
mv agusta,brutale 1078rr,2009,154.0,6-speed
mv agusta,brutale 1078rr,2010,154.0,6-speed
mv agusta,brutale 1090 r,2014,142.0,6-speed
mv agusta,brutale 1090 rr,2013,158.0,6-speed
mv agusta,brutale 1090 rr,2015,158.0,6-speed
mv agusta,brutale 675,2013,125.0,6-speed
mv agusta,brutale 675,2014,125.0,6-speed
mv agusta,brutale 675,2015,108.0,6-speed
mv agusta,brutale 800,2013,92.0,6-speed
mv agusta,brutale 800,2014,125.0,6-speed
mv agusta,brutale 800,2015,125.0,6-speed
mv agusta,brutale 800,2017,116.0,6-speed
mv agusta,brutale 800,2019,108.0,6-speed
mv agusta,brutale 800 dragster,2014,125.0,6-speed
mv agusta,brutale 800 dragster,2015,125.0,6-speed
mv agusta,brutale 800 dragster rr,2015,140.0,6-speed
mv agusta,brutale 800 rr,2015,140.0,6-speed
mv agusta,brutale 800 rr,2016,140.0,6-speed
mv agusta,brutale 910 hydrogen,2009,139.0,6-speed
mv agusta,brutale 910s,2010,139.0,6-speed
mv agusta,brutale 920,2012,129.0,6-speed
mv agusta,brutale 990r,2011,139.0,6-speed
mv agusta,brutale r 1090,2012,142.0,6-speed
mv agusta,brutale rr 1090,2012,158.0,6-speed
mv agusta,dragster 800,2016,125.0,6-speed
mv agusta,dragster 800 rr,2019,138.0,6-speed
mv agusta,f3 675,2012,126.0,6-speed
mv agusta,f3 675,2013,126.0,6-speed
mv agusta,f3 675,2014,126.0,6-speed
mv agusta,f3 675,2015,126.0,6-speed
mv agusta,f3 800,2014,148.0,6-speed
mv agusta,f3 800,2017,148.0,6-speed
mv agusta,f3 800 rc,2020,153.0,6-speed
mv agusta,f3 serie oro,2012,126.0,6-speed
mv agusta,f4,2011,183.0,6-speed
mv agusta,f4,2013,195.0,6-speed
mv agusta,f4,2015,195.0,6-speed
mv agusta,f4,2018,195.0,6-speed
mv agusta,f4 1000 r,2009,174.0,6-speed
mv agusta,f4 1000 r,2010,186.0,6-speed
mv agusta,f4 1078 rr312,2008,190.0,6-speed
mv agusta,f4 1078 rr312,2009,190.0,6-speed
mv agusta,f4 cc claudio castiglioni,2009,200.0,6-speed
mv agusta,f4 cc claudio castiglioni,2010,200.0,6-speed
mv agusta,f4 r,2014,195.0,6-speed
mv agusta,f4 r,2015,195.0,6-speed
mv agusta,f4 r corsa corta,2012,192.0,6-speed
mv agusta,f4 r312,2009,183.0,6-speed
mv agusta,f4 rr,2012,201.0,6-speed
mv agusta,f4 rr,2013,201.0,6-speed
mv agusta,f4 rr,2015,200.0,6-speed
mv agusta,f4 rr,2016,201.0,6-speed
mv agusta,rush 1000,2020,209.0,6-speed
mv agusta,turismo veloce 800 lusso,2017,110.0,6-speed
mv agusta,turismo veloce 800 lusso,2019,108.0,6-speed
mv agusta,turismo veloce lusso 800,2015,125.0,6-speed
mz,1000 st supertraveller,2009,111.0,6-speed
neander,turbo-diesel,2012,112.0,6-speed
nipponia,miro 130,2012,9.0,Automatic
norton,commando 961 sport mk ii,2019,80.0,5-speed
piaggio,bv 350 abs,2016,32.8,Automatic
piaggio,fly 50 4v,2012,11.4,Automatic
piaggio,fly 50 4v,2013,11.4,Automatic
piaggio,mp3 500 sport,2016,40.1,Automatic
piaggio,mp3 500ie business,2017,40.1,Automatic
qlink,tour 250,2013,17.7,5-speed
quadro,qooder,2019,31.9,Automatic
skyteam,cobra,2016,3.4,4-speed
skyteam,skymax-pro,2016,6.7,4-speed
suzuki,address v125s,2015,9.9,Automatic
suzuki,address v50,2012,4.4,Automatic
suzuki,b-king,2011,181.0,6-speed
suzuki,b-king,2012,181.0,6-speed
suzuki,b-king abs,2011,181.0,6-speed
suzuki,bandit 1250f abs,2014,98.0,6-speed
suzuki,bandit 1250s abs,2016,98.0,6-speed
suzuki,bandit 1250s abs,2017,98.0,6-speed
suzuki,bandit 1250s abs,2018,98.0,6-speed
suzuki,birdie 50,2012,3.4,3-speed
suzuki,boulevard m50,2006,50.0,5-speed
suzuki,burgman 125,2015,12.2,Automatic
suzuki,burgman 125,2016,12.2,Automatic
suzuki,burgman 125,2017,12.4,Automatic
suzuki,burgman 125,2018,11.0,Automatic
suzuki,burgman 125 street,2020,8.7,Automatic
suzuki,burgman 650,2007,53.6,Automatic
suzuki,dr 125 s,1982,10.0,6-speed
suzuki,dr 350 se,1996,30.1,6-speed
suzuki,dr-z 125 l,2007,11.8,5-speed
suzuki,gixxer sf,2016,14.8,5-speed
suzuki,gixxer sf,2017,14.8,5-speed
suzuki,gs 750 e,1978,63.0,5-speed
suzuki,gsr 600,2006,98.0,6-speed
suzuki,gsx 600 f katana,2001,78.0,6-speed
suzuki,gsx-r 1000,2001,160.0,6-speed
suzuki,gsx-r 1100,1987,130.0,5-speed
suzuki,gsx-r 1300 hayabusa,2000,175.0,6-speed
suzuki,gsx-s1000,2019,150.0,6-speed
suzuki,gsx650f,2011,84.5,6-speed
suzuki,hayabusa,2015,197.0,6-speed
suzuki,hayabusa,2016,197.0,6-speed
suzuki,hayabusa,2017,197.0,6-speed
suzuki,hayabusa abs z,2014,194.0,6-speed
suzuki,hayabusa z,2016,194.0,6-speed
suzuki,hayabusa z,2017,197.0,6-speed
suzuki,hayabusa z,2018,197.0,6-speed
suzuki,intruder m1800r,2015,123.0,5-speed
suzuki,intruder m1800r,2016,123.0,5-speed
suzuki,intruder m1800rbz b o s s,2016,123.0,5-speed
suzuki,intruder m1800rbz b.o.s.s.,2014,123.0,5-speed
suzuki,nex 115,2014,9.3,Automatic
suzuki,shooter 115 fi,2014,9.3,4-speed
suzuki,skydrive 125,2013,9.3,Automatic
suzuki,skydrive 125,2014,9.3,Automatic
suzuki,skydrive 125,2016,9.3,Automatic
suzuki,skydrive 125,2017,9.3,Automatic
suzuki,skydrive 125 fi,2018,9.3,Automatic
suzuki,skywave 250 type s,2014,34.9,Automatic
suzuki,sv650 abs,2019,75.0,6-speed
suzuki,v-strom 650,2017,69.0,6-speed
suzuki,v-strom 650,2018,69.0,6-speed
suzuki,v-strom 650,2019,69.0,6-speed
suzuki,v-strom 650,2021,71.0,6-speed
suzuki,v-strom 650 abs,2016,69.0,6-speed
suzuki,v-strom 650 gt,2018,71.0,6-speed
suzuki,v-strom 650xt,2018,69.0,6-speed
suzuki,v-strom 650xt abs,2015,69.0,6-speed
suzuki,v-strom 650xt abs,2016,69.0,6-speed
suzuki,v-strom 650xt abs,2017,69.0,6-speed
suzuki,v-strom 650xt abs adventure,2015,69.0,6-speed
suzuki,vs 1400 glp intruder,2001,61.0,5-speed
suzuki,vs 800 gl intruder,1997,50.0,5-speed
sym,citycom 300i,2011,20.7,Automatic
titan,radical rigid,2008,112.0,6-speed
titan,radical rigid chopper,2007,112.0,6-speed
titan,sidewinder hardtail,2007,112.0,6-speed
titan,sidewinder rubber mount chopper,2007,112.0,6-speed
titan,sidewinder rubber mount chopper,2008,112.0,6-speed
triumph,america,2006,62.0,5-speed
triumph,america,2007,55.0,5-speed
triumph,america,2008,61.0,5-speed
triumph,america,2015,61.0,5-speed
triumph,america,2016,61.0,5-speed
triumph,america lt,2016,61.0,5-speed
triumph,bonneville,2007,67.0,5-speed
triumph,bonneville,2008,66.0,5-speed
triumph,bonneville,2009,67.1,5-speed
triumph,bonneville,2010,67.1,5-speed
triumph,bonneville,2015,68.0,5-speed
triumph,bonneville,2016,68.0,5-speed
triumph,bonneville 50th,2009,67.1,5-speed
triumph,bonneville black,2007,67.0,5-speed
triumph,bonneville bobber,2018,77.0,6-speed
triumph,bonneville bobber black,2018,77.0,6-speed
triumph,bonneville bobber black,2019,77.0,6-speed
triumph,bonneville newchurch,2015,68.0,5-speed
triumph,bonneville speedmaster,2018,77.0,6-speed
triumph,bonneville speedmaster,2019,77.0,6-speed
triumph,bonneville speedmaster,2020,77.0,6-speed
triumph,bonneville spirit,2015,68.0,5-speed
triumph,bonneville t 100,2005,64.0,5-speed
triumph,bonneville t100,2006,67.0,5-speed
triumph,bonneville t100,2009,68.0,5-speed
triumph,bonneville t100,2015,66.0,5-speed
triumph,bonneville t100,2018,55.0,5-speed
triumph,bonneville t100,2019,55.0,5-speed
triumph,bonneville t100,2020,55.0,5-speed
triumph,bonneville t100 black,2015,66.0,5-speed
triumph,bonneville t120,2018,80.0,6-speed
triumph,bonneville t120,2020,79.1,6-speed
triumph,bonneville t120 black,2018,80.0,6-speed
triumph,bonneville t120 black,2019,80.0,6-speed
triumph,bonneville t214,2015,68.0,5-speed
triumph,daytona 650,2005,114.0,6-speed
triumph,daytona 675,2007,125.0,6-speed
triumph,daytona 675,2008,125.0,6-speed
triumph,daytona 675,2009,126.0,6-speed
triumph,daytona 675,2010,126.0,6-speed
triumph,daytona 675,2015,128.0,6-speed
triumph,daytona 675,2016,128.0,6-speed
triumph,daytona 675 r,2016,128.0,6-speed
triumph,daytona 675 r,2017,128.0,6-speed
triumph,daytona 675 r abs,2015,128.0,6-speed
triumph,daytona 955i,2005,149.0,6-speed
triumph,daytona 955i,2006,149.0,6-speed
triumph,rocket 3 gt,2020,165.0,6-speed
triumph,rocket iii,2004,140.0,5-speed
triumph,rocket iii,2006,142.0,5-speed
triumph,rocket iii,2007,142.0,5-speed
triumph,rocket iii,2008,140.0,5-speed
triumph,rocket iii classic,2006,142.0,5-speed
triumph,rocket iii classic,2007,142.0,5-speed
triumph,rocket iii classic,2008,140.0,5-speed
triumph,rocket iii classic tourer,2007,142.0,5-speed
triumph,rocket iii roadster,2015,148.0,5-speed
triumph,rocket iii roadster,2016,148.0,5-speed
triumph,rocket iii roadster,2017,148.0,5-speed
triumph,rocket iii roadster,2018,148.0,5-speed
triumph,rocket iii touring,2008,106.0,5-speed
triumph,scrambler,2006,55.0,5-speed
triumph,scrambler,2007,57.0,5-speed
triumph,scrambler,2008,56.0,5-speed
triumph,scrambler,2009,59.0,5-speed
triumph,scrambler,2010,59.0,5-speed
triumph,scrambler,2015,59.0,5-speed
triumph,scrambler,2016,59.0,5-speed
triumph,scrambler 1200 xc,2019,89.0,5-speed
triumph,scrambler 1200xe,2019,89.0,5-speed
triumph,scrambler 1200xe,2020,89.0,5-speed
triumph,speed four,2005,98.0,6-speed
triumph,speed triple,2002,118.0,6-speed
triumph,speed triple,2005,130.0,6-speed
triumph,speed triple,2006,130.0,6-speed
triumph,speed triple,2007,132.0,6-speed
triumph,speed triple,2008,131.0,6-speed
triumph,speed triple,2009,130.0,6-speed
triumph,speed triple,2010,130.0,6-speed
triumph,speed triple,2011,130.0,6-speed
triumph,speed triple 1200 rs,2021,180.0,6-speed
triumph,speed triple abs,2015,135.0,6-speed
triumph,speed triple r,2016,140.0,6-speed
triumph,speed triple r,2017,140.0,6-speed
triumph,speed triple r abs,2015,135.0,6-speed
triumph,speed triple rs,2018,148.0,6-speed
triumph,speed triple rs,2019,150.0,6-speed
triumph,speed triple s,2017,140.0,6-speed
triumph,speed triple s,2019,148.0,6-speed
triumph,speed twin,2019,96.0,5-speed
triumph,speed twin,2020,96.0,6-speed
triumph,speed twin,2021,96.0,6-speed
triumph,speedmaster,2006,55.0,5-speed
triumph,speedmaster,2007,55.0,5-speed
triumph,speedmaster,2008,54.0,5-speed
triumph,speedmaster,2009,61.7,5-speed
triumph,speedmaster,2010,61.7,5-speed
triumph,speedmaster,2015,61.0,5-speed
triumph,speedmaster,2016,61.0,5-speed
triumph,sprint st,2005,125.0,6-speed
triumph,sprint st,2006,125.0,6-speed
triumph,sprint st,2008,125.0,6-speed
triumph,sprint st,2009,124.0,6-speed
triumph,sprint st,2010,127.0,6-speed
triumph,sprint st,2011,128.0,6-speed
triumph,street cup,2017,55.0,5-speed
triumph,street scrambler,2017,55.0,5-speed
triumph,street scrambler,2018,55.0,5-speed
triumph,street scrambler,2019,55.0,5-speed
triumph,street triple,2009,105.0,6-speed
triumph,street triple,2010,105.0,6-speed
triumph,street triple,2016,106.0,6-speed
triumph,street triple 675,2008,107.0,6-speed
triumph,street triple abs,2015,106.0,6-speed
triumph,street triple r,2009,105.0,6-speed
triumph,street triple r,2010,106.0,6-speed
triumph,street triple r,2016,106.0,6-speed
triumph,street triple r,2017,118.0,6-speed
triumph,street triple r,2018,116.0,6-speed
triumph,street triple r,2019,116.0,6-speed
triumph,street triple r abs,2015,106.0,6-speed
triumph,street triple rs,2017,123.0,6-speed
triumph,street triple rs,2018,123.0,6-speed
triumph,street triple rs,2020,123.0,6-speed
triumph,street triple rs,2021,121.0,6-speed
triumph,street triple rx,2015,106.0,6-speed
triumph,street triple s,2017,113.0,6-speed
triumph,street triple s,2020,53.2,6-speed
triumph,street twin,2016,55.0,5-speed
triumph,street twin,2017,55.0,5-speed
triumph,street twin,2018,55.0,5-speed
triumph,street twin,2019,65.0,5-speed
triumph,thruxton,2007,70.0,5-speed
triumph,thruxton,2008,69.0,5-speed
triumph,thruxton,2009,68.4,5-speed
triumph,thruxton,2010,69.0,5-speed
triumph,thruxton,2015,69.0,5-speed
triumph,thruxton,2016,69.0,5-speed
triumph,thruxton 1200,2016,97.0,6-speed
triumph,thruxton 1200,2017,97.0,6-speed
triumph,thruxton 1200 r,2016,97.0,6-speed
triumph,thruxton 1200 r,2017,97.0,6-speed
triumph,thruxton 900,2005,70.0,5-speed
triumph,thruxton 900,2006,70.0,5-speed
triumph,thunderbird,2015,86.0,6-speed
triumph,thunderbird commander,2016,94.0,6-speed
triumph,thunderbird commander abs,2015,94.0,6-speed
triumph,thunderbird lt,2016,94.0,6-speed
triumph,thunderbird lt,2017,94.0,6-speed
triumph,thunderbird lt,2018,94.0,6-speed
triumph,thunderbird lt abs,2015,94.0,6-speed
triumph,thunderbird nightstorm,2015,98.0,6-speed
triumph,thunderbird nightstorm,2016,98.0,6-speed
triumph,thunderbird storm,2017,98.0,6-speed
triumph,thunderbird storm,2018,98.0,6-speed
triumph,thunderbird storm abs,2015,98.0,6-speed
triumph,tiger,2005,125.0,6-speed
triumph,tiger,2006,125.0,6-speed
triumph,tiger,2008,114.0,6-speed
triumph,tiger,2009,114.0,6-speed
triumph,tiger,2010,114.0,6-speed
triumph,tiger 1200 alpine edition,2020,139.0,6-speed
triumph,tiger 1200 desert edition,2020,139.0,6-speed
triumph,tiger 1200 xca,2018,139.0,6-speed
triumph,tiger 1200 xcx,2019,139.0,6-speed
triumph,tiger 1200 xr,2021,141.0,6-speed
triumph,tiger 1200 xrt,2018,139.0,6-speed
triumph,tiger 1200 xrt,2019,139.0,6-speed
triumph,tiger 1200 xrt,2020,139.0,6-speed
triumph,tiger 1200 xrt,2021,141.0,6-speed
triumph,tiger 1200 xrx,2019,139.0,6-speed
triumph,tiger 800 abs,2015,95.0,6-speed
triumph,tiger 800 xc,2016,95.0,6-speed
triumph,tiger 800 xca,2016,95.0,6-speed
triumph,tiger 800 xca,2017,95.0,6-speed
triumph,tiger 800 xca,2018,95.0,6-speed
triumph,tiger 800 xca,2020,95.0,6-speed
triumph,tiger 800 xcx,2015,95.0,6-speed
triumph,tiger 800 xcx,2016,95.0,6-speed
triumph,tiger 800 xcx,2017,95.0,6-speed
triumph,tiger 800 xcx,2018,95.0,6-speed
triumph,tiger 800 xcx low,2016,95.0,6-speed
triumph,tiger 800 xcx low,2017,95.0,6-speed
triumph,tiger 800 xr,2016,95.0,6-speed
triumph,tiger 800 xr,2019,95.0,6-speed
triumph,tiger 800 xrt,2016,95.0,6-speed
triumph,tiger 800 xrt,2017,95.0,6-speed
triumph,tiger 800 xrt,2018,95.0,6-speed
triumph,tiger 800 xrt,2019,95.0,6-speed
triumph,tiger 800 xrx,2015,95.0,6-speed
triumph,tiger 800 xrx,2016,95.0,6-speed
triumph,tiger 800 xrx,2017,95.0,6-speed
triumph,tiger 800 xrx,2018,95.0,6-speed
triumph,tiger 800 xrx low,2018,95.0,6-speed
triumph,tiger 800 xrx low,2019,95.0,6-speed
triumph,tiger 850 sport,2021,85.0,6-speed
triumph,tiger 900,1998,84.0,6-speed
triumph,tiger 900 gt pro,2020,93.9,6-speed
triumph,tiger 900 rally pro,2020,93.9,6-speed
triumph,tiger explorer,2015,137.0,6-speed
triumph,tiger explorer,2016,137.0,6-speed
triumph,tiger explorer xc abs,2015,137.0,6-speed
triumph,tiger explorer xca,2017,139.0,6-speed
triumph,tiger explorer xcx,2017,139.0,6-speed
triumph,tiger explorer xrt,2017,139.0,6-speed
triumph,tiger explorer xrx,2016,139.0,6-speed
triumph,tiger explorer xrx,2017,139.0,6-speed
triumph,tiger sport,2016,125.0,6-speed
triumph,tiger sport,2020,124.0,6-speed
triumph,trident 660,2021,81.0,6-speed
triumph,trophy se,2016,134.0,6-speed
triumph,trophy se,2017,134.0,6-speed
vespa,gts 300 super,2012,21.2,Automatic
vespa,gtv 300,2011,21.2,Automatic
vespa,gtv 300,2012,21.2,Automatic
vespa,lx 150 i.e.,2011,11.7,Automatic
vespa,lx 150 i.e.,2012,11.7,Automatic
vespa,px 125,2011,8.9,4-speed
vespa,px 125,2015,8.9,4-speed
vespa,s 150 i.e.,2012,11.7,Automatic
victory,cory ness cross country,2012,97.0,6-speed
victory,cross country,2012,97.0,6-speed
victory,cross country,2015,130.0,6-speed
victory,cross country tour,2012,97.0,6-speed
victory,cross country tour,2013,96.0,6-speed
victory,cross roads,2012,97.0,6-speed
victory,cross roads classic le,2012,97.0,6-speed
victory,hammer 8 ball,2012,97.0,6-speed
victory,hammer s,2016,97.0,6-speed
victory,high ball,2012,97.0,6-speed
victory,kingpin,2012,97.0,6-speed
victory,octane,2017,104.0,6-speed
victory,vegas,2012,97.0,6-speed
victory,vegas 8 ball,2012,97.0,6-speed
victory,vegas jackpot,2012,97.0,6-speed
victory,vision tour,2012,97.0,6-speed
victory,vision tour,2013,96.0,6-speed
wakan,100 roadster,2009,120.0,5-speed
wakan,100 roadster,2010,120.0,5-speed
wk,650i,2017,69.7,6-speed
yamaha,cygnus x,2012,10.7,Automatic
yamaha,cygnus x,2016,10.7,Automatic
yamaha,cygnus x sr,2015,10.7,Automatic
yamaha,ds250 drag star two-fifty 250,2011,20.8,5-speed
yamaha,dt50x,2012,18.0,5-speed
yamaha,fazer 8,2013,104.0,6-speed
yamaha,fino 125 blue core,2017,9.4,Automatic
yamaha,fjr 1300 as,2006,141.0,5-speed
yamaha,fz 25,2018,20.9,5-speed
yamaha,fz 400 fazer,1997,53.0,6-speed
yamaha,fz1,2005,146.0,6-speed
yamaha,fz1 fazer,2013,147.0,6-speed
yamaha,fz16,2011,14.0,5-speed
yamaha,fz25,2017,20.9,5-speed
yamaha,fz8,2010,104.0,6-speed
yamaha,fzs,2009,14.0,5-speed
yamaha,fzs 1000 fazer,2003,143.0,6-speed
yamaha,gts 1000 abs,1998,98.0,5-speed
yamaha,jupiter mx king 150,2017,15.2,4-speed
yamaha,lb 70 chappy,1989,4.8,Automatic
yamaha,maxam 3000 concept,2012,20.1,Automatic
yamaha,mio i 125,2018,9.4,Automatic
yamaha,mio soul i 125,2018,9.4,Automatic
yamaha,mio sporty,2018,8.0,Automatic
yamaha,mt-01,2012,90.0,5-speed
yamaha,mt-03,2013,47.3,5-speed
yamaha,mt-07,2014,47.3,6-speed
yamaha,mt-07 abs,2015,73.8,6-speed
yamaha,mt-07 moto cage abs,2015,73.8,6-speed
yamaha,mt-09 tracer,2017,115.0,6-speed
yamaha,mt-09 tracer,2018,115.0,6-speed
yamaha,r 5,1970,35.0,5-speed
yamaha,rd 350 (6-speed),1974,39.0,6-speed
yamaha,road star silverado 1700,2005,62.6,5-speed
yamaha,road star warrior 1700,2005,83.1,5-speed
yamaha,serow 250,2012,18.0,6-speed
yamaha,serow 250,2015,18.0,6-speed
yamaha,serow 250,2018,18.0,6-speed
yamaha,tdm 900,2011,85.0,6-speed
yamaha,tdm 900,2012,85.0,6-speed
yamaha,tdm 900,2013,85.0,6-speed
yamaha,tmax tech max abs,2011,42.9,Automatic
yamaha,tricker,2011,19.0,5-speed
yamaha,tricker,2012,18.0,5-speed
yamaha,tricker,2015,19.0,5-speed
yamaha,tzr50,2013,2.7,5-speed
yamaha,tzr50,2015,2.7,5-speed
yamaha,tzr50,2016,2.7,6-speed
yamaha,v star classic 650,2005,40.0,5-speed
yamaha,v-max hermes,2011,200.0,5-speed
yamaha,virago xv 535,1987,42.0,5-speed
yamaha,vity,2011,8.6,Automatic
yamaha,vity,2012,8.6,Automatic
yamaha,vox,2012,4.2,Automatic
yamaha,vox deluxe,2011,4.2,Automatic
yamaha,wr125 x,2013,14.8,6-speed
yamaha,wr125x,2011,14.8,6-speed
yamaha,wr125x,2012,14.8,6-speed
yamaha,x-max 125 abs,2013,13.9,Automatic
yamaha,x-ride 125,2021,9.4,Automatic
yamaha,xj 600,1985,50.0,6-speed
yamaha,xj 700 n maxim,1985,86.0,5-speed
yamaha,xt660r,2011,47.3,5-speed
yamaha,xt660r,2012,47.3,5-speed
yamaha,xt660r,2013,47.3,5-speed
yamaha,xt660r,2014,47.3,5-speed
yamaha,xt660r,2015,47.3,5-speed
yamaha,xtz 250 lander,2007,28.0,5-speed
yamaha,xv 750 virago,1985,51.8,5-speed
yamaha,yzf 15,2011,17.0,6-speed
yamaha,yzf-r1,2001,150.0,6-speed
yamaha,yzf-r1,2008,177.0,6-speed
yamaha,yzf-r15 lc4v,2008,17.0,6-speed
yamaha,yzf-r1m,2017,200.0,6-speed
yamaha,yzf-r1m,2019,200.0,6-speed
zontes,310 t1,2020,34.9,6-speed
zontes,310 v,2020,34.9,6-speed
zontes,310 x1,2020,34.9,6-speed
zontes,zt250-s,2018,24.1,6-speed
zontes,zt310-r,2018,34.9,5-speed
zontes,zt310-x,2018,34.9,5-speed
